{
  "properties": {
    "connectionReferences": {
      "shared_sharepointonline": {
        "runtimeSource": "invoker",
        "connection": {
          "connectionReferenceLogicalName": "sp_sharedsharepointonline_e7162"
        },
        "api": {
          "name": "shared_sharepointonline"
        }
      }
    },
    "definition": {
      "$schema": "https://schema.management.azure.com/providers/Microsoft.Logic/schemas/2016-06-01/workflowdefinition.json#",
      "contentVersion": "1.0.0.0",
      "parameters": {
        "$authentication": {
          "defaultValue": {},
          "type": "SecureObject"
        },
        "$connections": {
          "defaultValue": {},
          "type": "Object"
        }
      },
      "triggers": {
        "manual": {
          "metadata": {
            "operationMetadataId": "5fc962f3-d77a-4eb7-a9f2-c64c24805b45"
          },
          "type": "Request",
          "kind": "Button",
          "inputs": {
            "schema": {
              "type": "object",
              "properties": {
                "text": {
                  "title": "SiteURL",
                  "type": "string",
                  "x-ms-dynamically-added": true,
                  "description": "Please enter your input: https://yourtenant.sharepoint.com/sites/hr",
                  "x-ms-content-hint": "TEXT"
                },
                "text_1": {
                  "title": "LibraryName",
                  "type": "string",
                  "x-ms-dynamically-added": true,
                  "description": "\nPlease enter your input: /sites/hr/Shared Documents",
                  "x-ms-content-hint": "TEXT"
                },
                "text_2": {
                  "title": "BaseLibraryPath",
                  "type": "string",
                  "x-ms-dynamically-added": true,
                  "description": "\nPlease enter your input: /sites/hr/Shared Documents",
                  "x-ms-content-hint": "TEXT"
                },
                "text_3": {
                  "title": "MinimumLevel",
                  "type": "string",
                  "x-ms-dynamically-added": true,
                  "description": "MinimumLevel  -1 = all levels , >= 0 , level number where folder with broken permission is found",
                  "x-ms-content-hint": "TEXT"
                }
              },
              "required": [
                "text",
                "text_1",
                "text_2",
                "text_3"
              ]
            }
          }
        }
      },
      "actions": {
        "Initialize_variable": {
          "runAfter": {},
          "metadata": {
            "operationMetadataId": "f1ec3c8b-0618-4a22-b7ad-71399db22361"
          },
          "type": "InitializeVariable",
          "inputs": {
            "variables": [
              {
                "name": "varBaseDepth",
                "type": "integer",
                "value": "@length(split(triggerBody()['text_1'], '/'))"
              }
            ]
          }
        },
        "HTTP_Get_Folders_With_Broken_Permissions": {
          "runAfter": {
            "Initialize_variable": [
              "Succeeded"
            ]
          },
          "metadata": {
            "operationMetadataId": "032e67a3-398c-4c20-bb5d-d7312bcc3759"
          },
          "type": "OpenApiConnection",
          "inputs": {
            "parameters": {
              "dataset": "@triggerBody()['text']",
              "parameters/method": "GET",
              "parameters/uri": "@concat('_api/web/lists/getbytitle(''', triggerBody()['text_1'], ''')/items?$select=Id,Title,FileLeafRef,FileRef,FileDirRef,Created,Modified,AuthorId,EditorId,HasUniqueRoleAssignments,FileSystemObjectType,ItemChildCount,FolderChildCount&$filter=HasUniqueRoleAssignments eq true and FileSystemObjectType eq 1 and startswith(FileRef,''', triggerBody()['text_2'], ''')')",
              "parameters/headers": {
                "Accept": "application/json;odata=verbose",
                "Content-Type": "application/json"
              }
            },
            "host": {
              "apiId": "/providers/Microsoft.PowerApps/apis/shared_sharepointonline",
              "operationId": "HttpRequest",
              "connectionName": "shared_sharepointonline"
            }
          }
        },
        "Parse_JSON_Folders": {
          "runAfter": {
            "HTTP_Get_Folders_With_Broken_Permissions": [
              "Succeeded"
            ]
          },
          "metadata": {
            "operationMetadataId": "3a483e15-260d-49bd-b5a4-417823d5ecfc"
          },
          "type": "ParseJson",
          "inputs": {
            "content": "body('HTTP_Get_Folders_With_Broken_Permissions')",
            "schema": {
              "type": "object",
              "properties": {
                "d": {
                  "type": "object",
                  "properties": {
                    "results": {
                      "type": "array",
                      "items": {
                        "type": "object",
                        "properties": {
                          "__metadata": {
                            "type": "object",
                            "properties": {
                              "id": {
                                "type": "string"
                              },
                              "uri": {
                                "type": "string"
                              },
                              "etag": {
                                "type": "string"
                              },
                              "type": {
                                "type": "string"
                              }
                            }
                          },
                          "FileSystemObjectType": {
                            "type": "integer"
                          },
                          "Id": {
                            "type": "integer"
                          },
                          "ContentTypeId": {
                            "type": "string"
                          },
                          "Title": {
                            "type": "string"
                          },
                          "FileLeafRef": {
                            "type": "string"
                          },
                          "FileRef": {
                            "type": "string"
                          },
                          "FileDirRef": {
                            "type": "string"
                          },
                          "Created": {
                            "type": "string"
                          },
                          "Modified": {
                            "type": "string"
                          },
                          "AuthorId": {
                            "type": "integer"
                          },
                          "EditorId": {
                            "type": "integer"
                          },
                          "HasUniqueRoleAssignments": {
                            "type": "boolean"
                          },
                          "ItemChildCount": {
                            "type": "integer"
                          },
                          "FolderChildCount": {
                            "type": "integer"
                          }
                        },
                        "required": [
                          "__metadata",
                          "FileSystemObjectType",
                          "Id",
                          "ContentTypeId",
                          "Title",
                          "FileLeafRef",
                          "FileRef",
                          "FileDirRef",
                          "Created",
                          "Modified",
                          "AuthorId",
                          "EditorId",
                          "HasUniqueRoleAssignments",
                          "ItemChildCount",
                          "FolderChildCount"
                        ]
                      }
                    }
                  }
                }
              }
            }
          }
        },
        "Compose": {
          "runAfter": {
            "Parse_JSON_Folders": [
              "Succeeded"
            ]
          },
          "type": "Compose",
          "inputs": "@concat('{\"Step\":\"Folders with Broken Permissions Found\",\"TotalCount\":', string(length(body('Parse_JSON_Folders')?['d']?['results'])), ',\"SiteURL\":\"', triggerBody()?['text'], '\",\"LibraryName\":\"', triggerBody()?['text_1'], '\"}')"
        },
        "Select_Add_Level": {
          "runAfter": {
            "Compose": [
              "Succeeded"
            ]
          },
          "type": "Select",
          "inputs": {
            "from": "@body('Parse_JSON_Folders')?['d']?['results']",
            "select": {
              "Id": "@item()['Id']",
              "Title": "@item()['Title']",
              "FileLeafRef": "@{item()['FileLeafRef']}",
              "FileRef": "@{item()['FileRef']}",
              "FileDirRef": "@{item()['FileDirRef']}",
              "Created": "@{item()['Created']}",
              "Modified": "@{item()['Modified']}",
              "AuthorId": "@item()['AuthorId']",
              "EditorId": "@item()['EditorId']",
              "HasUniqueRoleAssignments": "@item()['HasUniqueRoleAssignments']",
              "FileSystemObjectType": "@item()['FileSystemObjectType']",
              "ItemChildCount": "@item()['ItemChildCount']",
              "FolderChildCount": "@item()['FolderChildCount']",
              "Level": "@sub(length(split(item()['FileDirRef'], '/')), variables('varBaseDepth'))"
            }
          }
        }
      }
    },
    "templateName": null
  },
  "schemaVersion": "1.0.0.0"
}